"Year","Sex","Cause or Mechanism","Death Count","Population","Crude Rate","Age Adjusted Rate"
"2022","Males","Firearm","565","16,717,338","3.38","2.63"
"2022","Males","Hanging / Strangulation / Suffocation","93","16,717,338","0.56","0.43"
"2022","Males","Poisoning","48","16,717,338","0.29","0.22"
"2022","Males","Cut / Pierce / Stab with sharp instrument","19**","16,717,338","0.11","0.09"
"2022","Males","Struck By / Against","--","16,717,338","--","--"
"2022","Males","Fall","--","16,717,338","--","--"
"2022","Males","Transport vehicles, including cars, buses, trains, etc.","--","16,717,338","--","--"
"2022","Males","Drowning","--","16,717,338","--","--"
"2022","Males","Fire / Burn","--","16,717,338","--","--"
"2022","Males","Intentional Neglect","--","16,717,338","--","--"
"2022","Males","Other","--","16,717,338","--","--"
"2022","Males","Unknown","--","16,717,338","--","--"
"2022","Females","Firearm","18**","17,511,409","0.10","0.09"
"2022","Females","Hanging / Strangulation / Suffocation","10**","17,511,409","0.06","0.05"
"2022","Females","Poisoning","--","17,511,409","--","--"
"2022","Females","Cut / Pierce / Stab with sharp instrument","--","17,511,409","--","--"
"2022","Females","Struck By / Against","--","17,511,409","--","--"
"2022","Females","Fall","--","17,511,409","--","--"
"2022","Females","Transport vehicles, including cars, buses, trains, etc.","--","17,511,409","--","--"
"2022","Females","Drowning","--","17,511,409","--","--"
"2022","Females","Fire / Burn","--","17,511,409","--","--"
"2022","Females","Intentional Neglect","--","17,511,409","--","--"
"2022","Females","Other","--","17,511,409","--","--"
"2022","Females","Unknown","--","17,511,409","--","--"
"2021","Males","Firearm","558","16,664,358","3.35","2.61"
"2021","Males","Hanging / Strangulation / Suffocation","112","16,664,358","0.67","0.52"
"2021","Males","Poisoning","45","16,664,358","0.27","0.21"
"2021","Males","Cut / Pierce / Stab with sharp instrument","18**","16,664,358","0.11","0.08"
"2021","Males","Struck By / Against","--","16,664,358","--","--"
"2021","Males","Fall","--","16,664,358","--","--"
"2021","Males","Transport vehicles, including cars, buses, trains, etc.","--","16,664,358","--","--"
"2021","Males","Drowning","--","16,664,358","--","--"
"2021","Males","Fire / Burn","--","16,664,358","--","--"
"2021","Males","Intentional Neglect","--","16,664,358","--","--"
"2021","Males","Other","--","16,664,358","--","--"
"2021","Males","Unknown","--","16,664,358","--","--"
"2021","Females","Firearm","15**","17,436,397","0.09","0.07"
"2021","Females","Hanging / Strangulation / Suffocation","11**","17,436,397","0.06","0.05"
"2021","Females","Poisoning","--","17,436,397","--","--"
"2021","Females","Cut / Pierce / Stab with sharp instrument","--","17,436,397","--","--"
"2021","Females","Struck By / Against","--","17,436,397","--","--"
"2021","Females","Fall","--","17,436,397","--","--"
"2021","Females","Transport vehicles, including cars, buses, trains, etc.","--","17,436,397","--","--"
"2021","Females","Drowning","--","17,436,397","--","--"
"2021","Females","Fire / Burn","--","17,436,397","--","--"
"2021","Females","Intentional Neglect","--","17,436,397","--","--"
"2021","Females","Other","--","17,436,397","--","--"
"2021","Females","Unknown","--","17,436,397","--","--"
"2020","Males","Firearm","561","16,587,818","3.38","2.60"
"2020","Males","Hanging / Strangulation / Suffocation","129","16,587,818","0.78","0.61"
"2020","Males","Poisoning","43","16,587,818","0.26","0.19"
"2020","Males","Cut / Pierce / Stab with sharp instrument","19**","16,587,818","0.11","0.09"
"2020","Males","Struck By / Against","--","16,587,818","--","--"
"2020","Males","Fall","15**","16,587,818","0.09","0.07"
"2020","Males","Transport vehicles, including cars, buses, trains, etc.","--","16,587,818","--","--"
"2020","Males","Drowning","--","16,587,818","--","--"
"2020","Males","Fire / Burn","--","16,587,818","--","--"
"2020","Males","Intentional Neglect","--","16,587,818","--","--"
"2020","Males","Other","--","16,587,818","--","--"
"2020","Males","Unknown","--","16,587,818","--","--"
"2020","Females","Firearm","15**","17,351,097","0.09","0.07"
"2020","Females","Hanging / Strangulation / Suffocation","10**","17,351,097","0.06","0.05"
"2020","Females","Poisoning","--","17,351,097","--","--"
"2020","Females","Cut / Pierce / Stab with sharp instrument","--","17,351,097","--","--"
"2020","Females","Struck By / Against","--","17,351,097","--","--"
"2020","Females","Fall","--","17,351,097","--","--"
"2020","Females","Transport vehicles, including cars, buses, trains, etc.","--","17,351,097","--","--"
"2020","Females","Drowning","--","17,351,097","--","--"
"2020","Females","Fire / Burn","--","17,351,097","--","--"
"2020","Females","Intentional Neglect","--","17,351,097","--","--"
"2020","Females","Other","--","17,351,097","--","--"
"2020","Females","Unknown","--","17,351,097","--","--"
"2019","Males","Firearm","534","16,142,084","3.31","2.55"
"2019","Males","Hanging / Strangulation / Suffocation","124","16,142,084","0.77","0.59"
"2019","Males","Poisoning","48","16,142,084","0.30","0.22"
"2019","Males","Cut / Pierce / Stab with sharp instrument","20**","16,142,084","0.12","0.10"
"2019","Males","Struck By / Against","--","16,142,084","--","--"
"2019","Males","Fall","--","16,142,084","--","--"
"2019","Males","Transport vehicles, including cars, buses, trains, etc.","--","16,142,084","--","--"
"2019","Males","Drowning","--","16,142,084","--","--"
"2019","Males","Fire / Burn","--","16,142,084","--","--"
"2019","Males","Intentional Neglect","--","16,142,084","--","--"
"2019","Males","Other","--","16,142,084","--","--"
"2019","Males","Unknown","--","16,142,084","--","--"
"2019","Females","Firearm","20**","17,189,537","0.12","0.09"
"2019","Females","Hanging / Strangulation / Suffocation","--","17,189,537","--","--"
"2019","Females","Poisoning","--","17,189,537","--","--"
"2019","Females","Cut / Pierce / Stab with sharp instrument","--","17,189,537","--","--"
"2019","Females","Struck By / Against","--","17,189,537","--","--"
"2019","Females","Fall","--","17,189,537","--","--"
"2019","Females","Transport vehicles, including cars, buses, trains, etc.","--","17,189,537","--","--"
"2019","Females","Drowning","--","17,189,537","--","--"
"2019","Females","Fire / Burn","--","17,189,537","--","--"
"2019","Females","Intentional Neglect","--","17,189,537","--","--"
"2019","Females","Other","--","17,189,537","--","--"
"2019","Females","Unknown","--","17,189,537","--","--"
"2018","Males","Firearm","543","16,050,493","3.38","2.60"
"2018","Males","Hanging / Strangulation / Suffocation","150","16,050,493","0.93","0.72"
"2018","Males","Poisoning","50","16,050,493","0.31","0.22"
"2018","Males","Cut / Pierce / Stab with sharp instrument","12**","16,050,493","0.07","0.05"
"2018","Males","Struck By / Against","--","16,050,493","--","--"
"2018","Males","Fall","--","16,050,493","--","--"
"2018","Males","Transport vehicles, including cars, buses, trains, etc.","--","16,050,493","--","--"
"2018","Males","Drowning","--","16,050,493","--","--"
"2018","Males","Fire / Burn","--","16,050,493","--","--"
"2018","Males","Intentional Neglect","--","16,050,493","--","--"
"2018","Males","Other","--","16,050,493","--","--"
"2018","Males","Unknown","--","16,050,493","--","--"
"2018","Females","Firearm","18**","17,093,378","0.11","0.08"
"2018","Females","Hanging / Strangulation / Suffocation","11**","17,093,378","0.06","0.06"
"2018","Females","Poisoning","--","17,093,378","--","--"
"2018","Females","Cut / Pierce / Stab with sharp instrument","--","17,093,378","--","--"
"2018","Females","Struck By / Against","--","17,093,378","--","--"
"2018","Females","Fall","--","17,093,378","--","--"
"2018","Females","Transport vehicles, including cars, buses, trains, etc.","--","17,093,378","--","--"
"2018","Females","Drowning","--","17,093,378","--","--"
"2018","Females","Fire / Burn","--","17,093,378","--","--"
"2018","Females","Intentional Neglect","--","17,093,378","--","--"
"2018","Females","Other","--","17,093,378","--","--"
"2018","Females","Unknown","--","17,093,378","--","--"
"2017","Males","Firearm","570","15,961,741","3.57","2.78"
"2017","Males","Hanging / Strangulation / Suffocation","122","15,961,741","0.76","0.60"
"2017","Males","Poisoning","59","15,961,741","0.37","0.29"
"2017","Males","Cut / Pierce / Stab with sharp instrument","--","15,961,741","--","--"
"2017","Males","Struck By / Against","--","15,961,741","--","--"
"2017","Males","Fall","--","15,961,741","--","--"
"2017","Males","Transport vehicles, including cars, buses, trains, etc.","--","15,961,741","--","--"
"2017","Males","Drowning","--","15,961,741","--","--"
"2017","Males","Fire / Burn","--","15,961,741","--","--"
"2017","Males","Intentional Neglect","--","15,961,741","--","--"
"2017","Males","Other","--","15,961,741","--","--"
"2017","Males","Unknown","--","15,961,741","--","--"
"2017","Females","Firearm","16**","16,993,745","0.09","0.08"
"2017","Females","Hanging / Strangulation / Suffocation","--","16,993,745","--","--"
"2017","Females","Poisoning","--","16,993,745","--","--"
"2017","Females","Cut / Pierce / Stab with sharp instrument","--","16,993,745","--","--"
"2017","Females","Struck By / Against","--","16,993,745","--","--"
"2017","Females","Fall","--","16,993,745","--","--"
"2017","Females","Transport vehicles, including cars, buses, trains, etc.","--","16,993,745","--","--"
"2017","Females","Drowning","--","16,993,745","--","--"
"2017","Females","Fire / Burn","--","16,993,745","--","--"
"2017","Females","Intentional Neglect","--","16,993,745","--","--"
"2017","Females","Other","--","16,993,745","--","--"
"2017","Females","Unknown","--","16,993,745","--","--"
"2016","Males","Firearm","560","15,843,571","3.53","2.76"
"2016","Males","Hanging / Strangulation / Suffocation","131","15,843,571","0.83","0.63"
"2016","Males","Poisoning","57","15,843,571","0.36","0.27"
"2016","Males","Cut / Pierce / Stab with sharp instrument","19**","15,843,571","0.12","0.09"
"2016","Males","Struck By / Against","--","15,843,571","--","--"
"2016","Males","Fall","--","15,843,571","--","--"
"2016","Males","Transport vehicles, including cars, buses, trains, etc.","--","15,843,571","--","--"
"2016","Males","Drowning","--","15,843,571","--","--"
"2016","Males","Fire / Burn","--","15,843,571","--","--"
"2016","Males","Intentional Neglect","--","15,843,571","--","--"
"2016","Males","Other","--","15,843,571","--","--"
"2016","Males","Unknown","--","15,843,571","--","--"
"2016","Females","Firearm","18**","16,870,876","0.11","0.08"
"2016","Females","Hanging / Strangulation / Suffocation","--","16,870,876","--","--"
"2016","Females","Poisoning","--","16,870,876","--","--"
"2016","Females","Cut / Pierce / Stab with sharp instrument","--","16,870,876","--","--"
"2016","Females","Struck By / Against","--","16,870,876","--","--"
"2016","Females","Fall","--","16,870,876","--","--"
"2016","Females","Transport vehicles, including cars, buses, trains, etc.","--","16,870,876","--","--"
"2016","Females","Drowning","--","16,870,876","--","--"
"2016","Females","Fire / Burn","--","16,870,876","--","--"
"2016","Females","Intentional Neglect","--","16,870,876","--","--"
"2016","Females","Other","--","16,870,876","--","--"
"2016","Females","Unknown","--","16,870,876","--","--"
"2015","Males","Firearm","534","15,715,912","3.40","2.65"
"2015","Males","Hanging / Strangulation / Suffocation","137","15,715,912","0.87","0.68"
"2015","Males","Poisoning","56","15,715,912","0.36","0.27"
"2015","Males","Cut / Pierce / Stab with sharp instrument","16**","15,715,912","0.10","0.08"
"2015","Males","Struck By / Against","--","15,715,912","--","--"
"2015","Males","Fall","12**","15,715,912","0.08","0.06"
"2015","Males","Transport vehicles, including cars, buses, trains, etc.","--","15,715,912","--","--"
"2015","Males","Drowning","--","15,715,912","--","--"
"2015","Males","Fire / Burn","--","15,715,912","--","--"
"2015","Males","Intentional Neglect","--","15,715,912","--","--"
"2015","Males","Other","--","15,715,912","--","--"
"2015","Males","Unknown","--","15,715,912","--","--"
"2015","Females","Firearm","13**","16,744,816","0.08","0.06"
"2015","Females","Hanging / Strangulation / Suffocation","--","16,744,816","--","--"
"2015","Females","Poisoning","14**","16,744,816","0.08","0.06"
"2015","Females","Cut / Pierce / Stab with sharp instrument","--","16,744,816","--","--"
"2015","Females","Struck By / Against","--","16,744,816","--","--"
"2015","Females","Fall","--","16,744,816","--","--"
"2015","Females","Transport vehicles, including cars, buses, trains, etc.","--","16,744,816","--","--"
"2015","Females","Drowning","--","16,744,816","--","--"
"2015","Females","Fire / Burn","--","16,744,816","--","--"
"2015","Females","Intentional Neglect","--","16,744,816","--","--"
"2015","Females","Other","--","16,744,816","--","--"
"2015","Females","Unknown","--","16,744,816","--","--"
"2014","Males","Firearm","466","15,585,011","2.99","2.39"
"2014","Males","Hanging / Strangulation / Suffocation","123","15,585,011","0.79","0.61"
"2014","Males","Poisoning","42","15,585,011","0.27","0.20"
"2014","Males","Cut / Pierce / Stab with sharp instrument","13**","15,585,011","0.08","0.07"
"2014","Males","Struck By / Against","--","15,585,011","--","--"
"2014","Males","Fall","10**","15,585,011","0.06","0.05"
"2014","Males","Transport vehicles, including cars, buses, trains, etc.","--","15,585,011","--","--"
"2014","Males","Drowning","--","15,585,011","--","--"
"2014","Males","Fire / Burn","--","15,585,011","--","--"
"2014","Males","Intentional Neglect","--","15,585,011","--","--"
"2014","Males","Other","--","15,585,011","--","--"
"2014","Males","Unknown","--","15,585,011","--","--"
"2014","Females","Firearm","14**","16,617,984","0.08","0.08"
"2014","Females","Hanging / Strangulation / Suffocation","--","16,617,984","--","--"
"2014","Females","Poisoning","--","16,617,984","--","--"
"2014","Females","Cut / Pierce / Stab with sharp instrument","--","16,617,984","--","--"
"2014","Females","Struck By / Against","--","16,617,984","--","--"
"2014","Females","Fall","--","16,617,984","--","--"
"2014","Females","Transport vehicles, including cars, buses, trains, etc.","--","16,617,984","--","--"
"2014","Females","Drowning","--","16,617,984","--","--"
"2014","Females","Fire / Burn","--","16,617,984","--","--"
"2014","Females","Intentional Neglect","--","16,617,984","--","--"
"2014","Females","Other","--","16,617,984","--","--"
"2014","Females","Unknown","--","16,617,984","--","--"
"2013","Males","Firearm","469","15,450,998","3.04","2.43"
"2013","Males","Hanging / Strangulation / Suffocation","112","15,450,998","0.72","0.57"
"2013","Males","Poisoning","53","15,450,998","0.34","0.26"
"2013","Males","Cut / Pierce / Stab with sharp instrument","16**","15,450,998","0.10","0.08"
"2013","Males","Struck By / Against","--","15,450,998","--","--"
"2013","Males","Fall","11**","15,450,998","0.07","0.06"
"2013","Males","Transport vehicles, including cars, buses, trains, etc.","--","15,450,998","--","--"
"2013","Males","Drowning","--","15,450,998","--","--"
"2013","Males","Fire / Burn","--","15,450,998","--","--"
"2013","Males","Intentional Neglect","--","15,450,998","--","--"
"2013","Males","Other","--","15,450,998","--","--"
"2013","Males","Unknown","--","15,450,998","--","--"
"2013","Females","Firearm","13**","16,489,450","0.08","0.06"
"2013","Females","Hanging / Strangulation / Suffocation","--","16,489,450","--","--"
"2013","Females","Poisoning","12**","16,489,450","0.07","0.06"
"2013","Females","Cut / Pierce / Stab with sharp instrument","--","16,489,450","--","--"
"2013","Females","Struck By / Against","--","16,489,450","--","--"
"2013","Females","Fall","--","16,489,450","--","--"
"2013","Females","Transport vehicles, including cars, buses, trains, etc.","--","16,489,450","--","--"
"2013","Females","Drowning","--","16,489,450","--","--"
"2013","Females","Fire / Burn","--","16,489,450","--","--"
"2013","Females","Intentional Neglect","--","16,489,450","--","--"
"2013","Females","Other","--","16,489,450","--","--"
"2013","Females","Unknown","--","16,489,450","--","--"
"2012","Males","Firearm","554","15,316,769","3.62","2.95"
"2012","Males","Hanging / Strangulation / Suffocation","119","15,316,769","0.78","0.61"
"2012","Males","Poisoning","75","15,316,769","0.49","0.38"
"2012","Males","Cut / Pierce / Stab with sharp instrument","--","15,316,769","--","--"
"2012","Males","Struck By / Against","--","15,316,769","--","--"
"2012","Males","Fall","--","15,316,769","--","--"
"2012","Males","Transport vehicles, including cars, buses, trains, etc.","--","15,316,769","--","--"
"2012","Males","Drowning","--","15,316,769","--","--"
"2012","Males","Fire / Burn","--","15,316,769","--","--"
"2012","Males","Intentional Neglect","--","15,316,769","--","--"
"2012","Males","Other","--","15,316,769","--","--"
"2012","Males","Unknown","--","15,316,769","--","--"
"2012","Females","Firearm","11**","16,364,736","0.07","0.06"
"2012","Females","Hanging / Strangulation / Suffocation","--","16,364,736","--","--"
"2012","Females","Poisoning","11**","16,364,736","0.07","0.05"
"2012","Females","Cut / Pierce / Stab with sharp instrument","--","16,364,736","--","--"
"2012","Females","Struck By / Against","--","16,364,736","--","--"
"2012","Females","Fall","--","16,364,736","--","--"
"2012","Females","Transport vehicles, including cars, buses, trains, etc.","--","16,364,736","--","--"
"2012","Females","Drowning","--","16,364,736","--","--"
"2012","Females","Fire / Burn","--","16,364,736","--","--"
"2012","Females","Intentional Neglect","--","16,364,736","--","--"
"2012","Females","Other","--","16,364,736","--","--"
"2012","Females","Unknown","--","16,364,736","--","--"
"2011","Males","Firearm","535","15,164,921","3.53","2.87"
"2011","Males","Hanging / Strangulation / Suffocation","116","15,164,921","0.76","0.59"
"2011","Males","Poisoning","69","15,164,921","0.46","0.32"
"2011","Males","Cut / Pierce / Stab with sharp instrument","17**","15,164,921","0.11","0.10"
"2011","Males","Struck By / Against","--","15,164,921","--","--"
"2011","Males","Fall","10**","15,164,921","0.07","0.04"
"2011","Males","Transport vehicles, including cars, buses, trains, etc.","--","15,164,921","--","--"
"2011","Males","Drowning","--","15,164,921","--","--"
"2011","Males","Fire / Burn","--","15,164,921","--","--"
"2011","Males","Intentional Neglect","--","15,164,921","--","--"
"2011","Males","Other","--","15,164,921","--","--"
"2011","Males","Unknown","--","15,164,921","--","--"
"2011","Females","Firearm","--","16,227,012","--","--"
"2011","Females","Hanging / Strangulation / Suffocation","--","16,227,012","--","--"
"2011","Females","Poisoning","11**","16,227,012","0.07","0.05"
"2011","Females","Cut / Pierce / Stab with sharp instrument","--","16,227,012","--","--"
"2011","Females","Struck By / Against","--","16,227,012","--","--"
"2011","Females","Fall","--","16,227,012","--","--"
"2011","Females","Transport vehicles, including cars, buses, trains, etc.","--","16,227,012","--","--"
"2011","Females","Drowning","--","16,227,012","--","--"
"2011","Females","Fire / Burn","--","16,227,012","--","--"
"2011","Females","Intentional Neglect","--","16,227,012","--","--"
"2011","Females","Other","--","16,227,012","--","--"
"2011","Females","Unknown","--","16,227,012","--","--"
"2010","Males","Firearm","503","15,016,556","3.35","2.72"
"2010","Males","Hanging / Strangulation / Suffocation","149","15,016,556","0.99","0.78"
"2010","Males","Poisoning","67","15,016,556","0.45","0.34"
"2010","Males","Cut / Pierce / Stab with sharp instrument","14**","15,016,556","0.09","0.07"
"2010","Males","Struck By / Against","--","15,016,556","--","--"
"2010","Males","Fall","--","15,016,556","--","--"
"2010","Males","Transport vehicles, including cars, buses, trains, etc.","--","15,016,556","--","--"
"2010","Males","Drowning","--","15,016,556","--","--"
"2010","Males","Fire / Burn","--","15,016,556","--","--"
"2010","Males","Intentional Neglect","--","15,016,556","--","--"
"2010","Males","Other","--","15,016,556","--","--"
"2010","Males","Unknown","--","15,016,556","--","--"
"2010","Females","Firearm","--","16,086,421","--","--"
"2010","Females","Hanging / Strangulation / Suffocation","--","16,086,421","--","--"
"2010","Females","Poisoning","12**","16,086,421","0.07","0.06"
"2010","Females","Cut / Pierce / Stab with sharp instrument","--","16,086,421","--","--"
"2010","Females","Struck By / Against","--","16,086,421","--","--"
"2010","Females","Fall","--","16,086,421","--","--"
"2010","Females","Transport vehicles, including cars, buses, trains, etc.","--","16,086,421","--","--"
"2010","Females","Drowning","--","16,086,421","--","--"
"2010","Females","Fire / Burn","--","16,086,421","--","--"
"2010","Females","Intentional Neglect","--","16,086,421","--","--"
"2010","Females","Other","--","16,086,421","--","--"
"2010","Females","Unknown","--","16,086,421","--","--"
"2009","Males","Firearm","487","14,864,975","3.28","2.70"
"2009","Males","Hanging / Strangulation / Suffocation","120","14,864,975","0.81","0.63"
"2009","Males","Poisoning","80","14,864,975","0.54","0.41"
"2009","Males","Cut / Pierce / Stab with sharp instrument","23","14,864,975","0.15","0.12"
"2009","Males","Struck By / Against","--","14,864,975","--","--"
"2009","Males","Fall","10**","14,864,975","0.07","0.05"
"2009","Males","Transport vehicles, including cars, buses, trains, etc.","--","14,864,975","--","--"
"2009","Males","Drowning","--","14,864,975","--","--"
"2009","Males","Fire / Burn","--","14,864,975","--","--"
"2009","Males","Intentional Neglect","--","14,864,975","--","--"
"2009","Males","Other","--","14,864,975","--","--"
"2009","Males","Unknown","--","14,864,975","--","--"
"2009","Females","Firearm","13**","15,811,098","0.08","0.07"
"2009","Females","Hanging / Strangulation / Suffocation","--","15,811,098","--","--"
"2009","Females","Poisoning","--","15,811,098","--","--"
"2009","Females","Cut / Pierce / Stab with sharp instrument","--","15,811,098","--","--"
"2009","Females","Struck By / Against","--","15,811,098","--","--"
"2009","Females","Fall","--","15,811,098","--","--"
"2009","Females","Transport vehicles, including cars, buses, trains, etc.","--","15,811,098","--","--"
"2009","Females","Drowning","--","15,811,098","--","--"
"2009","Females","Fire / Burn","--","15,811,098","--","--"
"2009","Females","Intentional Neglect","--","15,811,098","--","--"
"2009","Females","Other","--","15,811,098","--","--"
"2009","Females","Unknown","--","15,811,098","--","--"
"2008","Males","Firearm","531","14,712,244","3.61","3.01"
"2008","Males","Hanging / Strangulation / Suffocation","117","14,712,244","0.80","0.62"
"2008","Males","Poisoning","51","14,712,244","0.35","0.27"
"2008","Males","Cut / Pierce / Stab with sharp instrument","18**","14,712,244","0.12","0.10"
"2008","Males","Struck By / Against","--","14,712,244","--","--"
"2008","Males","Fall","13**","14,712,244","0.09","0.08"
"2008","Males","Transport vehicles, including cars, buses, trains, etc.","--","14,712,244","--","--"
"2008","Males","Drowning","--","14,712,244","--","--"
"2008","Males","Fire / Burn","--","14,712,244","--","--"
"2008","Males","Intentional Neglect","--","14,712,244","--","--"
"2008","Males","Other","--","14,712,244","--","--"
"2008","Males","Unknown","--","14,712,244","--","--"
"2008","Females","Firearm","--","15,660,494","--","--"
"2008","Females","Hanging / Strangulation / Suffocation","--","15,660,494","--","--"
"2008","Females","Poisoning","11**","15,660,494","0.07","0.06"
"2008","Females","Cut / Pierce / Stab with sharp instrument","--","15,660,494","--","--"
"2008","Females","Struck By / Against","--","15,660,494","--","--"
"2008","Females","Fall","--","15,660,494","--","--"
"2008","Females","Transport vehicles, including cars, buses, trains, etc.","--","15,660,494","--","--"
"2008","Females","Drowning","--","15,660,494","--","--"
"2008","Females","Fire / Burn","--","15,660,494","--","--"
"2008","Females","Intentional Neglect","--","15,660,494","--","--"
"2008","Females","Other","--","15,660,494","--","--"
"2008","Females","Unknown","--","15,660,494","--","--"
"2007","Males","Firearm","477","14,550,998","3.28","2.82"
"2007","Males","Hanging / Strangulation / Suffocation","116","14,550,998","0.80","0.63"
"2007","Males","Poisoning","80","14,550,998","0.55","0.43"
"2007","Males","Cut / Pierce / Stab with sharp instrument","15**","14,550,998","0.10","0.08"
"2007","Males","Struck By / Against","--","14,550,998","--","--"
"2007","Males","Fall","14**","14,550,998","0.10","0.08"
"2007","Males","Transport vehicles, including cars, buses, trains, etc.","--","14,550,998","--","--"
"2007","Males","Drowning","--","14,550,998","--","--"
"2007","Males","Fire / Burn","--","14,550,998","--","--"
"2007","Males","Intentional Neglect","--","14,550,998","--","--"
"2007","Males","Other","--","14,550,998","--","--"
"2007","Males","Unknown","--","14,550,998","--","--"
"2007","Females","Firearm","--","15,520,388","--","--"
"2007","Females","Hanging / Strangulation / Suffocation","--","15,520,388","--","--"
"2007","Females","Poisoning","10**","15,520,388","0.06","0.05"
"2007","Females","Cut / Pierce / Stab with sharp instrument","--","15,520,388","--","--"
"2007","Females","Struck By / Against","--","15,520,388","--","--"
"2007","Females","Fall","--","15,520,388","--","--"
"2007","Females","Transport vehicles, including cars, buses, trains, etc.","--","15,520,388","--","--"
"2007","Females","Drowning","--","15,520,388","--","--"
"2007","Females","Fire / Burn","--","15,520,388","--","--"
"2007","Females","Intentional Neglect","--","15,520,388","--","--"
"2007","Females","Other","--","15,520,388","--","--"
"2007","Females","Unknown","--","15,520,388","--","--"
"2006","Males","Firearm","463","14,394,912","3.22","2.75"
"2006","Males","Hanging / Strangulation / Suffocation","89","14,394,912","0.62","0.50"
"2006","Males","Poisoning","70","14,394,912","0.49","0.37"
"2006","Males","Cut / Pierce / Stab with sharp instrument","16**","14,394,912","0.11","0.09"
"2006","Males","Struck By / Against","--","14,394,912","--","--"
"2006","Males","Fall","14**","14,394,912","0.10","0.08"
"2006","Males","Transport vehicles, including cars, buses, trains, etc.","--","14,394,912","--","--"
"2006","Males","Drowning","18**","14,394,912","0.13","0.10"
"2006","Males","Fire / Burn","--","14,394,912","--","--"
"2006","Males","Intentional Neglect","--","14,394,912","--","--"
"2006","Males","Other","--","14,394,912","--","--"
"2006","Males","Unknown","--","14,394,912","--","--"
"2006","Females","Firearm","--","15,383,818","--","--"
"2006","Females","Hanging / Strangulation / Suffocation","--","15,383,818","--","--"
"2006","Females","Poisoning","11**","15,383,818","0.07","0.06"
"2006","Females","Cut / Pierce / Stab with sharp instrument","--","15,383,818","--","--"
"2006","Females","Struck By / Against","--","15,383,818","--","--"
"2006","Females","Fall","--","15,383,818","--","--"
"2006","Females","Transport vehicles, including cars, buses, trains, etc.","--","15,383,818","--","--"
"2006","Females","Drowning","--","15,383,818","--","--"
"2006","Females","Fire / Burn","--","15,383,818","--","--"
"2006","Females","Intentional Neglect","--","15,383,818","--","--"
"2006","Females","Other","--","15,383,818","--","--"
"2006","Females","Unknown","--","15,383,818","--","--"
"2005","Males","Firearm","495","14,225,966","3.48","2.99"
"2005","Males","Hanging / Strangulation / Suffocation","85","14,225,966","0.60","0.49"
"2005","Males","Poisoning","88","14,225,966","0.62","0.50"
"2005","Males","Cut / Pierce / Stab with sharp instrument","19**","14,225,966","0.13","0.11"
"2005","Males","Struck By / Against","--","14,225,966","--","--"
"2005","Males","Fall","--","14,225,966","--","--"
"2005","Males","Transport vehicles, including cars, buses, trains, etc.","--","14,225,966","--","--"
"2005","Males","Drowning","--","14,225,966","--","--"
"2005","Males","Fire / Burn","--","14,225,966","--","--"
"2005","Males","Intentional Neglect","--","14,225,966","--","--"
"2005","Males","Other","--","14,225,966","--","--"
"2005","Males","Unknown","--","14,225,966","--","--"
"2005","Females","Firearm","--","15,242,679","--","--"
"2005","Females","Hanging / Strangulation / Suffocation","--","15,242,679","--","--"
"2005","Females","Poisoning","10**","15,242,679","0.07","0.05"
"2005","Females","Cut / Pierce / Stab with sharp instrument","--","15,242,679","--","--"
"2005","Females","Struck By / Against","--","15,242,679","--","--"
"2005","Females","Fall","--","15,242,679","--","--"
"2005","Females","Transport vehicles, including cars, buses, trains, etc.","--","15,242,679","--","--"
"2005","Females","Drowning","--","15,242,679","--","--"
"2005","Females","Fire / Burn","--","15,242,679","--","--"
"2005","Females","Intentional Neglect","--","15,242,679","--","--"
"2005","Females","Other","--","15,242,679","--","--"
"2005","Females","Unknown","--","15,242,679","--","--"
"2004","Males","Firearm","514","14,065,110","3.65","3.14"
"2004","Males","Hanging / Strangulation / Suffocation","116","14,065,110","0.82","0.66"
"2004","Males","Poisoning","93","14,065,110","0.66","0.52"
"2004","Males","Cut / Pierce / Stab with sharp instrument","13**","14,065,110","0.09","0.09"
"2004","Males","Struck By / Against","--","14,065,110","--","--"
"2004","Males","Fall","--","14,065,110","--","--"
"2004","Males","Transport vehicles, including cars, buses, trains, etc.","--","14,065,110","--","--"
"2004","Males","Drowning","--","14,065,110","--","--"
"2004","Males","Fire / Burn","--","14,065,110","--","--"
"2004","Males","Intentional Neglect","--","14,065,110","--","--"
"2004","Males","Other","--","14,065,110","--","--"
"2004","Males","Unknown","--","14,065,110","--","--"
"2004","Females","Firearm","13**","15,103,948","0.09","0.07"
"2004","Females","Hanging / Strangulation / Suffocation","--","15,103,948","--","--"
"2004","Females","Poisoning","--","15,103,948","--","--"
"2004","Females","Cut / Pierce / Stab with sharp instrument","--","15,103,948","--","--"
"2004","Females","Struck By / Against","--","15,103,948","--","--"
"2004","Females","Fall","--","15,103,948","--","--"
"2004","Females","Transport vehicles, including cars, buses, trains, etc.","--","15,103,948","--","--"
"2004","Females","Drowning","--","15,103,948","--","--"
"2004","Females","Fire / Burn","--","15,103,948","--","--"
"2004","Females","Intentional Neglect","--","15,103,948","--","--"
"2004","Females","Other","--","15,103,948","--","--"
"2004","Females","Unknown","--","15,103,948","--","--"
"2003","Males","Firearm","537","13,919,744","3.86","3.30"
"2003","Males","Hanging / Strangulation / Suffocation","123","13,919,744","0.88","0.73"
"2003","Males","Poisoning","76","13,919,744","0.55","0.45"
"2003","Males","Cut / Pierce / Stab with sharp instrument","17**","13,919,744","0.12","0.11"
"2003","Males","Struck By / Against","--","13,919,744","--","--"
"2003","Males","Fall","11**","13,919,744","0.08","0.06"
"2003","Males","Transport vehicles, including cars, buses, trains, etc.","10**","13,919,744","0.07","0.06"
"2003","Males","Drowning","--","13,919,744","--","--"
"2003","Males","Fire / Burn","--","13,919,744","--","--"
"2003","Males","Intentional Neglect","--","13,919,744","--","--"
"2003","Males","Other","--","13,919,744","--","--"
"2003","Males","Unknown","--","13,919,744","--","--"
"2003","Females","Firearm","--","14,975,349","--","--"
"2003","Females","Hanging / Strangulation / Suffocation","--","14,975,349","--","--"
"2003","Females","Poisoning","--","14,975,349","--","--"
"2003","Females","Cut / Pierce / Stab with sharp instrument","--","14,975,349","--","--"
"2003","Females","Struck By / Against","--","14,975,349","--","--"
"2003","Females","Fall","--","14,975,349","--","--"
"2003","Females","Transport vehicles, including cars, buses, trains, etc.","--","14,975,349","--","--"
"2003","Females","Drowning","--","14,975,349","--","--"
"2003","Females","Fire / Burn","--","14,975,349","--","--"
"2003","Females","Intentional Neglect","--","14,975,349","--","--"
"2003","Females","Other","--","14,975,349","--","--"
"2003","Females","Unknown","--","14,975,349","--","--"
"Total γ","","","15,509","778,502,653","1.99","1.82"
"","","","","","",""
"Report Type: Rates and Counts","","","","","",""
"Data Years: 2022, 2021, 2020, 2019, 2018, 2017, 2016, 2015, 2014, 2013, 2012, 2011, 2010, 2009, 2008, 2007, 2006, 2005, 2004, 2003","","","","","",""
"Geography: Alabama, Alaska, Arizona, Arkansas, California, Colorado, Connecticut, Delaware, District of Columbia, Georgia, Idaho, Illinois, Indiana, Iowa, Kansas, Kentucky, Louisiana, Maine, Maryland, Massachusetts, Michigan, Minnesota, Mississippi, Missouri, Montana, Nebraska, Nevada, New Hampshire, New Jersey, New Mexico, New York, North Carolina, North Dakota, Ohio, Oklahoma, Oregon, Pennsylvania, Rhode Island, South Carolina, South Dakota, Tennessee, Texas, Utah, Vermont, Virginia, Washington, West Virginia, Wisconsin, Wyoming","","","","","",""
"Intent or Manner: Suicide","","","","","",""
"Cause or Mechanism: All Injury","","","","","",""
"Sex: All Sexes","","","","","",""
"Race: All Races","","","","","",""
"Ethnicity: All Ethnicities","","","","","",""
"Place of Injury: All","","","","","",""
"Relationship of Victim to Suspect: All Relationships","","","","","",""
"Pregnancy Status: All","","","","","",""
"Homeless Status: All","","","","","",""
"Military Status: Current/Former Military","","","","","",""
"Reports for All Ages include those of unknown age. Manner of death reported here is assigned by the state abstractor based on all available standard NVDRS data sources.","","","","","",""
"Pregnancy Status is for females of reproductive age, 15 to 49.","","","","","",""
"Notation:","","","","","",""
"ᵞ Total may not equal the sum of all categories due to missing or unknown data.","","","","","",""
" - No population estimate/rate not applicable.","","","","","",""
"** indicates unstable value (<=20 deaths).","","","","","",""
"-- The number of deaths fewer than 10, the number has been suppressed to retain confidentiality.","","","","","",""
"Three states collected data on >=80% of violent deaths in state, in accordance with requirements under which the state was funded: WA (2015-2017), IL and PA (2015-2019). Data for California (CA) are for violent deaths that occurred in four counties in 2017, 21 counties in 2018, 30 counties in 2019, 35 counties in 2020, 31 counties in 2021, and 32 counties in 2022. Data for Florida are for violent deaths that occurred in 32 counties in 2022. Data for Texas are for violent deaths that occurred in four counties in 2020, 13 counties in 2021, and 13 counties in 2022. Denominators for the rates for these states represent only the populations of the counties from which the data were collected.","","","","","",""
"Incident: One or more related deaths meeting NVDRS case definitions occurring within the same 24 hours.","","","","","",""
"Legal intervention death: ICD-10 term for death resulting from law enforcement actions; does not denote lawfulness.","","","","","",""
"Undetermined intent: Death for which evidence indicating one manner of death is no more compelling than evidence indicating another.","","","","","",""
"Crude rate: Total number of cases or deaths divided by the total population and multiplied by 100,000.","","","","","",""
"Age-adjusted rate: Population age distribution varies by time/geographic area. Age adjusting rates accounts for this using 2000 Census standard population, all races, both sexes.","","","","","",""
"Data sources:","","","","","",""
"National Center for Health Statistics-CDC annual mortality data files for WISQARS Fatal data.","","","","","",""
"National Violent Death Reporting System (NVDRS) for Number of Deaths.","","","","","",""
"Bureau of Census for Population Estimates.","","","","","",""
"Produced by: Data Analytics Branch, National Center for Injury Prevention and Control, CDC.","","","","","",""
"Produced by: National Center for Injury Prevention and Control, CDC.","","","","","",""